triage_level,total,breaches,avg_wait,median_wait,max_wait,breach_pct,label
1,462,429,17.89134199134199,15.9,82.9,92.9,Critical
2,1442,1001,26.917961165048542,22.1,143.8,69.4,Emergent
3,3497,2005,48.10197311981699,36.0,240.0,57.3,Urgent
4,3080,1456,75.21064935064935,55.55,240.0,47.3,Less Urgent
5,1519,509,98.20967741935483,77.9,240.0,33.5,Minor
