department,total,breaches,avg_wait,breach_pct
Trauma,830,469,59.10192771084337,56.5
Emergency,2792,1538,59.840293696275076,55.1
General Surgery,581,319,59.94354561101549,54.9
Neurology,1007,548,61.15978152929494,54.4
Orthopedics,1229,660,58.44800650935721,53.7
Obs & Gynae,859,455,58.99708963911525,53.0
Cardiology,1333,702,61.31050262565641,52.7
Psychiatry,388,204,59.422164948453606,52.6
Pediatrics,981,505,57.37594291539246,51.5
