,count,mean,std,min,25%,50%,75%,max,skew,kurtosis,IQR
patient_age,10000.0,38.6033,24.49748847951929,0.0,14.0,39.0,58.0,99.0,0.1623583793975027,-0.9865675597068528,44.0
wait_time_triage_min,10000.0,19.26109,10.45200456619902,0.2,8.9,21.0,30.0,30.0,-0.27375496827706486,-1.5512722284931808,21.1
wait_time_doctor_min,10000.0,59.61234,56.385784426510725,0.0,20.1,39.4,79.4,240.0,1.6107154867045406,2.0792322983385803,59.300000000000004
length_of_stay_hrs,10000.0,3.259232,2.7091699596671734,0.5,1.35,2.535,4.32,26.76,2.0305743449176283,6.742246314112085,2.97
satisfaction_score,10000.0,6.17997,1.2682533838963634,1.0,5.5,6.3,7.1,9.5,-0.7125749265152724,0.6223762972853177,1.5999999999999996
billed_amount_usd,10000.0,4468.413075,3625.470023618522,338.7,1812.2725,3489.7,6080.1425,27071.95,1.6714901719101576,3.725222986331486,4267.87
